{"graph": {"_type": "graph-file", "sha256": "dec5f5652d3c4bcd06e788a19e69cf435420b24fa3947dc3c501e2b9ff80e0b9", "size": 87249, "path": "media/graph/graph_summary_dec5f5652d3c4bcd06e7.graph.json"}, "epoch": 2, "_timestamp": 1669602891.3333795, "loss": 0.31624290347099304, "accuracy": 0.8753765225410461, "val_loss": 0.25812309980392456, "val_accuracy": 0.8896690011024475, "_runtime": 3979.174861431122, "_step": 2, "best_val_loss": 0.25812309980392456, "best_epoch": 2, "_wandb": {"runtime": 4189}}